id,hip,hd,proper,ra,dec,dist,mag,absmag,spect,ci,x,y,z,lum,system_id,system_role
0,,,Sol,0,0,0.0000001,-26.7,4.85,G2V,0.656,0,0,0,1,sol,primary
71456,71683,128620,Alpha Centauri A,14.66,-60.83,1.3401,-0.01,4.38,G2V,0.71,-0.494,-0.755,-0.949,1.519,alpha-centauri,primary
71460,71681,128621,Alpha Centauri B,14.66,-60.84,1.3401,1.35,5.71,K1V,0.9,-0.494,-0.755,-0.949,0.5,alpha-centauri,secondary
70890,70890,,Proxima Centauri,14.49,-62.68,1.3009,11.13,15.6,M5.5Ve,1.83,-0.471,-0.361,-1.151,0.0017,alpha-centauri,tertiary
32263,32349,48915,Sirius A,6.75,-16.72,2.6371,-1.46,1.42,A1V,0.0,-1.611,-1.939,-0.762,25.4,sirius,primary
87937,87937,,Barnard's Star,17.96,4.69,1.8226,9.54,13.22,M4Ve,1.74,-0.012,-1.819,0.149,0.00347,barnards-star,primary
54035,54035,95735,Lalande 21185,11.05,35.97,2.5469,7.49,10.48,M2V,1.51,-1.918,-1.131,1.499,0.026,lalande-21185,primary
54879,,,Wolf 359,10.93,7.0,2.4086,13.54,16.65,M6V,2.0,-1.875,0.978,0.293,0.001106,wolf-359,primary
